,,Departemen HRD & GA,,,,,,,,,,,,,,,,,53,,,,,,,,,,,,,,,,,
,,HRD & GA Departement,,,,,,,,,,,,,,,,,74,,,,,,,,,,,,,,,,,
LAPORAN PEMERIKSAAN APAR,,,,,,,,,,,,,,,,,,,82,,,,,,,,,,,,,,,,,
Fire Extinguisher Inspection Report,,,,,,,,,,,,,,,,,,,57,,,,,,,,,,,,,,,,,
,,,,,,,,,,,,,,,,,,TOTAL,266,,,,,,,,,,,,,,,,,
PERIODE BULAN :,,,,,AREA : UMUM,,,,,,,,,,,,,,,,,,,,,,,,,,,,,,,
No. Urut,No. Lokasi,Nama Lokasi / Area,Jenis,Habis ,Kap,Kondisi,,,,,Tgl,Keterangan,,,Inisial,,,,,,No. Urut,No. Lokasi,Nama Lokasi / Area,Jenis,Habis ,Kap,Kondisi,,,,,Tgl,Keterangan,,,Inisial
,,,,Masa Berlaku,(Kg),Tbg,Slg,Nozz,Sgl,Lev,Kontrol,,,,,,,,,,,,,,Masa Berlaku,(Kg),Tbg,Slg,Nozz,Sgl,Lev,Kontrol,,,,
1,A-01,Parkir Sepeda Motor 1,Powder,26 Februari 2031,9,,,,,,,,,,,,,,,,1,A-01,Parkir Sepeda Motor 1,Powder,01 Februari 2026,9,,,,,,,,,,
2,A-02,Parkir Sepeda Motor 2,Powder,29 Juli 2028,6,,,,,,,,,,,,,,,,35,S-06,Spare - 06,CO₂,01 Februari 2026,3,,,,,,,,,,
3,A-03,Parkir Sepeda Motor 3,Powder,29 Juli 2028,4,,,,,,,,,,,,,,,,1,B-01,Transit material Unit 1 ( pintu Luar ),CO₂,01 Februari 2026,3,,,,,,,,,,
4,A-04,Parkir Sepeda Motor 4,Powder,10 Mei 2028,4,,,,,,,,,,,,,,,,2,B-02,Transit material Unit 1 ( pintu dalam ),CO₂,01 Februari 2026,3,,,,,,,,,,
5,A-05,Parkir Mobil 1,Powder,06 April 2028,4,,,,,,,,,,,,,,,,37,B-41,R. QC Office  ( Fact.1 ),CO₂,01 Februari 2026,3,,,,,,,,,,
6,A-06,Parkir Mobil 2,Powder,06 April 2028,4,,,,,,,,,,,,,,,,60,C-08,Engineering Office 1-1 Fact.1,CO₂,01 Februari 2026,3,,,,,,,,,,
7,A-07,Depan R. Musholla Kantor,CO₂,19 Agustus 2030,3,,,,,,,,,,,,,,,,61,C-09,Engineering Office 1-2 Fact.2,CO₂,01 Februari 2026,3,,,,,,,,,,
8,A-08,Dpn.Pintu Emergency Kantor Lantai 2,CO₂,19 Agustus 2030,3,,,,,,,,,,,,,,,,62,C-10,Engineering Office 1-3 Fact.3,CO₂,01 Februari 2026,3,,,,,,,,,,
9,A-09,Koridor Kantor,CO₂,19 Agustus 2030,3,,,,,,,,,,,,,,,,64,C-12,Depan R.PUTR 1 ( Fact.1 ),Powder,01 Februari 2026,9,,,,,,,,,,
10,A-10,Depan Pintu Lift Lantai 2,CO₂,19 Agustus 2030,3,,,,,,,,,,,,,,,,74,C-22,Ruang Boiler Unit 3 Factory 1,Powder,Februari 2026,9,,,,,,,,,,
11,A-11,Depan Ruang Dokumen QA/GMP & IS0,CO₂,19 Agustus 2030,3,,,,,,,,,,,,,,,,9,D-09,PAL BP Fact.2 ( Unit 1 ),CO₂,01 Februari 2026,3,,,,,,,,,,
12,A-12,Ruang Server MIS,Gas kering,26 Agustus 2031,3,,,,,,,,,,,,,,,,22,D-22,IP Fact. 2 ( Unit 2-1 ),CO₂,01 Februari 2026,3,,,,,,,,,,
13,A-13,Depan QC Office ( Packaging Lantai 2 ),Powder,06 April 2028,5,,,,,,,,,,,,,,,,23,D-23,IP Fact. 2 ( Unit 2-2 ),CO₂,01 Februari 2026,3,,,,,,,,,,
14,A-14,Kantin Lantai 1 ( Barat ),Powder,17 September 2029,6,,,,,,,,,,,,,,,,24,D-24,IP Fact. 2 ( Unit 2-3 ),CO₂,01 Februari 2026,3,,,,,,,,,,
15,A-15,Kantin Lantai 1 ( Timur ),Powder,17 September 2029,6,,,,,,,,,,,,,,,,25,D-25,IP Fact. 2 ( Unit 2-4 ),CO₂,01 Februari 2026,3,,,,,,,,,,
16,A-16,Kantin Lantai 2 - 1,Powder,17 September 2029,6,,,,,,,,,,,,,,,,29,D-29,Ruang Steril Fact.2 ( Unit 2-4 ),CO₂,01 Februari 2026,3,,,,,,,,,,
17,A-17,Kantin Lantai 2 - 2,Powder,17 September 2029,6,,,,,,,,,,,,,,,,30,D-30,BP Fact.2 ( Unit 2 ),CO₂,01 Februari 2026,3,,,,,,,,,,
18,A-18,Kantin Lantai 2 - 4,Powder,17 September 2029,6,,,,,,,,,,,,,,,,31,D-31,Black Area BP Fact. 2 ( Unit 2 ),CO₂,01 Februari 2026,3,,,,,,,,,,
19,A-19,Kend. No.Pol. N 1607 SJ ( Ops ),Powder,06 April 2028,1,,,,,,,,,,,,,,,,34,D-34,Preparation Fact.2 Lantai 1 ( Unit 2-2 ),CO₂,01 Februari 2026,3,,,,,,,,,,
20,A-20,Kend. No.Pol. N 1609 SJ ( Ops ),Powder,06 April 2028,1,,,,,,,,,,,,,,,,35,D-35,Preparation Fact.2 Lantai 1 ( Unit 2-3 ),CO₂,01 Februari 2026,3,,,,,,,,,,
21,A-21,Kend. No.Pol. N 1419 T,Powder,2028-04-06,1,,,,,,,,,,,,,,,,66,D-67,Mezanine-2 Fact.2,CO₂,01 Februari 2026,3,,,,,,,,,,
22,A-22,R.Destroy Dokumen QA,CO₂,19 Agustus 2030,3,,,,,,,,,,,,,,,,70,D-71,Mezanine-6 Fact.2,CO₂,01 Februari 2026,3,,,,,,,,,,
23,A-23,Depan R.Destroy Dokumen QA,CO₂,19 Agustus 2030,3,,,,,,,,,,,,,,,,13,F-13,Gudang 5 ( Pintu Selatan ),CO₂,01 Februari 2026,25,,,,,,,,,,
24,A-24,Samping Ruang Driver,Powder,10 Mei 2028,3,,,,,,,,,,,,,,,,14,F-14,Gudang 5 ( Pintu Utara ),CO₂,01 Februari 2026,25,,,,,,,,,,
25,A-25,Depan loker HSE,CO₂,10 Mei 2028,3,,,,,,,,,,,,,,,,19,F-19,Gudang 6-5,CO₂,01 Februari 2026,3,,,,,,,,,,
26,A-26,Gazebo depan,Powder,10 Januari  2029,4,,,,,,,,,,,,,,,,31,F-31,Depan Tangki Solar Fact.2 ,Powder,01 Februari 2026,6,,,,,,,,,,
27,A-27,GASEBO WH 6,Powder,06 April 2028,4.5,,,,,,,,,,,,,,,,48,F-48,QC Warehouse,CO2,01 Februari 2026,3,,,,,,,,,,
28,A-28,GASEBO WH 3,Powder,10 Januari  2029,5,,,,,,,,,,,,,,,,,,,,,,,,,,,,,,,
29,A-29,GASEBO WH 1,Powder,10 Januari  2029,3.5,,,,,,,,,,,,,,,,,,,,,,,,,,,,,,,
30,S-01,Spare - 01,CO₂,10 Januari  2029,5,,,,,,,,,,,,,,,,,,,,,,,,,,,,,,,
31,S-02,Spare - 02,CO₂,17 September 2029,5,,,,,,,,,,,,,,,,,,,,,,,,,,,,,,,
32,S-03,Spare - 03,CO₂,03 Februari 2029,3,,,,,,,,,,,,,,,,,,,,,,,,,,,,,,,
33,S-04,Spare - 04,CO₂,10 April 2028,3,,,,,,,,,,,,,,,,,,,,,,,,,,,,,,,
34,S-05,Spare - 05,CO₂,10 Januari 2029,3,,,,,,,,,,,,,,,,,,,,,,,,,,,,,,,
35,S-06,Spare - 06,CO₂,26 Februari 2031,3,,,,,,,,,,,,,,,,,,,,,,,,,,,,,,,
36,S-07,Spare - 07,CO₂,17 September 2029,3,,,,,,,,,,,,,,,,,,,,,,,,,,,,,,,
37,S-08,Spare - 08,CO₂,10 Januari  2029,3,,,,,,,,,,,,,,,,,,,,,,,,,,,,,,,
38,S-09,Spare - 09,CO₂,06 April 2028,2,,,,,,,,,,,,,,,,,,,,,,,,,,,,,,,
39,S-10,Spare - 10,CO₂,29 Juli 2028,2,,,,,,,,,,,,,,,,,,,,,,,,,,,,,,,
40,S-11,Spare - 11,CO₂,25 Maret 2030,3,,,,,,,,,,,,,,,,,,,,,,,,,,,,,,,
41,S-12,Spare - 12,CO₂,25 Maret 2030,3,,,,,,,,,,,,,,,,,,,,,,,,,,,,,,,
42,S-13,Spare - 13,CO₂,06 April 2028,3,,,,,,,,,,,,,,,,,,,,,,,,,,,,,,,
43,S-14,Spare - 14,CO₂,11 Maret 2030,3,,,,,,,,,,,,,,,,,,,,,,,,,,,,,,,
44,S-15,Spare - 15,Powder,06 April 2028,1,,,,,,,,,,,,,,,,,,,,,,,,,,,,,,,
45,S-16,Spare - 16,Powder,06 April 2028,1,,,,,,,,,,,,,,,,,,,,,,,,,,,,,,,
46,S-17,Spare - 17,Powder,11 Desember 2030,1,,,,,,,,,,,,,,,,,,,,,,,,,,,,,,,
47,S-18,Spare - 18,Powder,06 April 2028,1,,,,,,,,,,,,,,,,,,,,,,,,,,,,,,,
48,S-19,Spare - 19,Powder,17 September 2029,6,,,,,,,,,,,,,,,,,,,,,,,,,,,,,,,
49,S-20,Spare - 20,Powder,06 April 2028,3,,,,,,,,,,,,,,,,,,,,,,,,,,,,,,,
50,S-21,Spare - 21,Powder,06 April 2028,3,,,,,,,,,,,,,,,,,,,,,,,,,,,,,,,
51,S-22,Spare - 22,Powder,10 Januari  2029,9,,,,,,,,,,,,,,,,,,,,,,,,,,,,,,,
52,S-23,Spare - 23 / Gazebo WH 4,Powder,10 Januari  2029,9,,,,,,,,,,,,,,,,,,,,,,,,,,,,,,,
53,S-24,Spare - 24,Powder,06 April 2028,3,,,,,,,,,,,,,,,,,,,,,,,,,,,,,,,
,,,,,,,,,,,,,,,,,,,,,,,,,,,,,,,,,,,,
,,,,,,,,,,,,,,,,,,,,,,,,,,,,,,,,,,,,
,,Departemen HRD & GA,,,,,,,,,,,,,,,,,,,,,,,,,,,,,,,,,,
,,HRD & GA Departement,,,,,,,,,,,,,,,,,,,,,,,,,,,,,,,,,,
LAPORAN PEMERIKSAAN APAR,,,,,,,,,,,,,,,,,,,,,,,,,,,,,,,,,,,,
Fire Extinguisher Inspection Report,,,,,,,,,,,,,,,,,,,,,,,,,,,,,,,,,,,,
,,,,,,,,,,,,,,,,,,,,,,,,,,,,,,,,,,,,
PERIODE BULAN :,,,,,AREA : FACTORY 1,,,,,,,,,,,,,,,,,,,,,,,,,,,,,,,
No. Urut,No. Lokasi,Nama Lokasi / Area,Jenis,Habis ,Kap,Kondisi,,,,,Tgl,Keterangan,,,Inisial,,,,,,,,,,,,,,,,,,,,,
,,,,Masa Berlaku,(Kg),Tbg,Slg,Nozz,Sgl,Lev,Kontrol,,,,,,,,,,,,,,,,,,,,,,,,,
1,B-01,Transit material Unit 1 ( pintu Luar ),CO₂,26 Februari 2031,3,,,,,,,,,,,,,,,,,,,,,,,,,,,,,,,
2,B-02,Transit material Unit 1 ( pintu dalam ),CO₂,26 Februari 2031,3,,,,,,,,,,,,,,,,,,,,,,,,,,,,,,,
3,B-03,Ruang Spare Part 01,CO₂,19 Agustus 2030,3,,,,,,,,,,,,,,,,,,,,,,,,,,,,,,,
4,B-04,WT unit 1 ( Fact. 1 ),CO₂,19 Agustus 2030,3,,,,,,,,,,,,,,,,,,,,,,,,,,,,,,,
5,B-05,Depan Weighing Unit 1 ( Fact. 1 ),CO₂,19 Agustus 2030,3,,,,,,,,,,,,,,,,,,,,,,,,,,,,,,,
6,B-06,Depan WT Unit 2 ( Fact. 1 ),CO₂,19 Agustus 2030,3,,,,,,,,,,,,,,,,,,,,,,,,,,,,,,,
7,B-07,Koridor depan R.SPV Unit 1&2 ( Fact. 1 ),CO₂,06 April 2028,3,,,,,,,,,,,,,,,,,,,,,,,,,,,,,,,
8,B-08,BP Unit 1-1 ( Fact. 1 ),CO₂,17 September 2029,3,,,,,,,,,,,,,,,,,,,,,,,,,,,,,,,
9,B-09,BP Unit 1-2 ( Fact. 1 ),CO₂,17 September 2029,3,,,,,,,,,,,,,,,,,,,,,,,,,,,,,,,
10,B-11,IP Unit 1 ( Fact. 1 ),CO₂,19 Agustus 2030,3,,,,,,,,,,,,,,,,,,,,,,,,,,,,,,,
11,B-13,Depan Laundry,CO₂,19 Agustus 2030,3,,,,,,,,,,,,,,,,,,,,,,,,,,,,,,,
12,B-14,BP Unit 2-1 ( Fact.1 ),CO₂,19 Agustus 2030,3,,,,,,,,,,,,,,,,,,,,,,,,,,,,,,,
13,B-15,BP Unit 2-2 ( Fact.1 ),CO₂,19 Agustus 2030,3,,,,,,,,,,,,,,,,,,,,,,,,,,,,,,,
14,B-17,R. Hopper ( Crusher Fact.1 ),CO₂,19 Agustus 2030,3,,,,,,,,,,,,,,,,,,,,,,,,,,,,,,,
15,B-19,Steril Unit 2 ( Fact. 1 ),CO₂,06 April 2028,3,,,,,,,,,,,,,,,,,,,,,,,,,,,,,,,
16,B-20,IP Unit 2-1 ( Fact. 1 ),CO₂,06 April 2028,3,,,,,,,,,,,,,,,,,,,,,,,,,,,,,,,
17,B-21,IP Unit 2-2 ( Fact. 1 ),CO₂,19 Agustus 2030,3,,,,,,,,,,,,,,,,,,,,,,,,,,,,,,,
18,B-22,Koridor unit 3-1 ( Fact. 1 ),CO₂,06 April 2028,3,,,,,,,,,,,,,,,,,,,,,,,,,,,,,,,
19,B-23,Koridor Unit 3-2 ( Fact. 1 ),CO₂,06 April 2028,3,,,,,,,,,,,,,,,,,,,,,,,,,,,,,,,
20,B-24,Depan WT unit 3,CO₂,06 April 2028,3,,,,,,,,,,,,,,,,,,,,,,,,,,,,,,,
21,B-25,RO Unit 3 ( Fact. 1 ),CO₂,19 Agustus 2030,3,,,,,,,,,,,,,,,,,,,,,,,,,,,,,,,
22,B-26,IP.3 ( R. Sampling QC ),CO₂,06 April 2028,3,,,,,,,,,,,,,,,,,,,,,,,,,,,,,,,
23,B-27,PAL R.Preparation Unit 3,CO₂,06 April 2028,3,,,,,,,,,,,,,,,,,,,,,,,,,,,,,,,
24,B-28,Technical Service BP 6 ( Utara ),CO₂,06 April 2028,3,,,,,,,,,,,,,,,,,,,,,,,,,,,,,,,
25,B-29,Technical Service BP 5 ( Selatan ),CO₂,19 Agustus 2030,3,,,,,,,,,,,,,,,,,,,,,,,,,,,,,,,
26,B-30,Koridor depan R. SPV Unit 3,CO₂,06 April 2028,3,,,,,,,,,,,,,,,,,,,,,,,,,,,,,,,
27,B-31,Steril Unit 3,CO₂,06 April 2028,3,,,,,,,,,,,,,,,,,,,,,,,,,,,,,,,
28,B-32,IP Unit 3-1 Selatan Loker,CO₂,19 Agustus 2030,3,,,,,,,,,,,,,,,,,,,,,,,,,,,,,,,
29,B-33,IP Unit 3-2 ( Selatan ALT ),CO₂,06 April 2028,3,,,,,,,,,,,,,,,,,,,,,,,,,,,,,,,
30,B-34,IP Unit 3-3 ( Depan R.SPV ),CO₂,06 April 2028,3,,,,,,,,,,,,,,,,,,,,,,,,,,,,,,,
31,B-35,Koridor Selatan Locker Unit 3,Powder,06 April 2028,4,,,,,,,,,,,,,,,,,,,,,,,,,,,,,,,
32,B-36,Pintu masuk QC. ( Fact.1 ),Powder,06 April 2028,5,,,,,,,,,,,,,,,,,,,,,,,,,,,,,,,
33,B-37,Samping Mini Lab. Teknik,Powder,29 Juli 2028,5.5,,,,,,,,,,,,,,,,,,,,,,,,,,,,,,,
34,B-38,Technical Support Lab. ( Fact.1 ),CO₂,06 April 2028,2,,,,,,,,,,,,,,,,,,,,,,,,,,,,,,,
35,B-39,R. Instrumentation ( Fact.1 ),CO₂,10 Januari  2029,2,,,,,,,,,,,,,,,,,,,,,,,,,,,,,,,
36,B-40,In Process QC. ( Fact.1 ),CO₂,06 April 2028,3,,,,,,,,,,,,,,,,,,,,,,,,,,,,,,,
37,B-41,R. QC Office  ( Fact.1 ),CO₂,26 Februari 2031,3,,,,,,,,,,,,,,,,,,,,,,,,,,,,,,,
38,B-42,R. Kimia ( Fact.1 ),CO₂,06 April 2028,3,,,,,,,,,,,,,,,,,,,,,,,,,,,,,,,
39,B-43,R. Micro Preparation  ( Fact.1 ),CO₂,06 April 2028,3,,,,,,,,,,,,,,,,,,,,,,,,,,,,,,,
40,B-44,R. Micriobial Test  ( Fact.1 ),CO₂,06 April 2028,2,,,,,,,,,,,,,,,,,,,,,,,,,,,,,,,
41,B-45,R. Incubation  ( Fact.1 ),CO₂,06 April 2028,2,,,,,,,,,,,,,,,,,,,,,,,,,,,,,,,
42,B-46,R. Sterilisasi ( Fact.1 ),CO₂,06 April 2028,2,,,,,,,,,,,,,,,,,,,,,,,,,,,,,,,
43,B-47,R. Sterilisasi ( Fact.1 ),CO₂,06 April 2028,2,,,,,,,,,,,,,,,,,,,,,,,,,,,,,,,
44,B-48,Depan kantor QC,Powder,06 April 2028,4,,,,,,,,,,,,,,,,,,,,,,,,,,,,,,,
45,B-49,Minilab Technical Fact.1-1,CO₂,25 Maret 2030,3,,,,,,,,,,,,,,,,,,,,,,,,,,,,,,,
46,B-50,Minilab Technical Fact.1-2,CO₂,19 Agustus 2030,3,,,,,,,,,,,,,,,,,,,,,,,,,,,,,,,
47,B-51,Depan Parkir Sepeda Motor Timur,Powder,06 April 2028,6,,,,,,,,,,,,,,,,,,,,,,,,,,,,,,,
48,B-52,Ruang Spare Part 02,Powder,10 April 2028,3,,,,,,,,,,,,,,,,,,,,,,,,,,,,,,,
49,B-53,Ruang Mezanine Unit 1-1 ,CO₂,06 April 2028,3,,,,,,,,,,,,,,,,,,,,,,,,,,,,,,,
50,B-54,Ruang Mezanine Unit 1-2 ,CO₂,19 Agustus 2030,3,,,,,,,,,,,,,,,,,,,,,,,,,,,,,,,
51,B-55,Ruang Mezanine Unit 3-1 Fact.1,CO₂,19 Agustus 2030,3,,,,,,,,,,,,,,,,,,,,,,,,,,,,,,,
52,B-56,R. Packaging & bhn kemas ( L. Teknik),CO₂,10 April 2028,3,,,,,,,,,,,,,,,,,,,,,,,,,,,,,,,
53,C-01,Depan R.Colling Unit 1 Fact.1,Powder,03 Oktober 2028,6,,,,,,,,,,,,,,,,,,,,,,,,,,,,,,,
54,C-02,Ruang Boiler 1 Fact.1,CO₂,11 Maret 2030,25,,,,,,,,,,,,,,,,,,,,,,,,,,,,,,,
55,C-03,Depan R.Compressor ( Fact.1 ),Powder,06 April 2028,3,,,,,,,,,,,,,,,,,,,,,,,,,,,,,,,
56,C-04,Ruang Elektrik ( Fact.1-1 ),CO₂,06 April 2028,5,,,,,,,,,,,,,,,,,,,,,,,,,,,,,,,
57,C-05,Workshop Fact. 1 -1,CO₂,19 Agustus 2030,3,,,,,,,,,,,,,,,,,,,,,,,,,,,,,,,
58,C-06,Workshop Fact. 1 -2,CO₂,19 Agustus 2030,3,,,,,,,,,,,,,,,,,,,,,,,,,,,,,,,
59,C-07,Workshop Fact. 1 -3,Powder,11 Maret 2030,3.5,,,,,,,,,,,,,,,,,,,,,,,,,,,,,,,
60,C-08,Engineering Office 1-1 Fact.1,CO₂,26 Februari 2031,3,,,,,,,,,,,,,,,,,,,,,,,,,,,,,,,
61,C-09,Engineering Office 1-2 Fact.2,CO₂,26 Februari 2031,3,,,,,,,,,,,,,,,,,,,,,,,,,,,,,,,
62,C-10,Engineering Office 1-3 Fact.3,CO₂,26 Februari 2031,3,,,,,,,,,,,,,,,,,,,,,,,,,,,,,,,
63,C-11,Raw Water Fact.1,Powder,19 Agustus 2030,9,,,,,,,,,,,,,,,,,,,,,,,,,,,,,,,
64,C-12,Depan R.PUTR 1 ( Fact.1 ),Powder,26 Februari 2031,9,,,,,,,,,,,,,,,,,,,,,,,,,,,,,,,
65,C-13,Depan R.PUTR 2 ( Fact.1 ),Powder,10 Januari 2029,9,,,,,,,,,,,,,,,,,,,,,,,,,,,,,,,
66,C-14,R.Spare Part Repair Enginering,Powder,06 April 2028,3,,,,,,,,,,,,,,,,,,,,,,,,,,,,,,,
67,C-15,Selatan Loker EM ( Fact. 1 ),Powder,06 April 2028,3,,,,,,,,,,,,,,,,,,,,,,,,,,,,,,,
68,C-16,Boiler  4 Fact.1,Powder,06 April 2028,5,,,,,,,,,,,,,,,,,,,,,,,,,,,,,,,
69,C-17,TPS Limbah B3 Timur/R. OPR WWTP,Powder,29 Juli 2028,3,,,,,,,,,,,,,,,,,,,,,,,,,,,,,,,
70,C-18,TPS Limbah B3 Barat,CO₂,25 Maret 2030,2,,,,,,,,,,,,,,,,,,,,,,,,,,,,,,,
71,C-19,Depan Ruang Genset Fact.1,Powder,03 Oktober 2028,9,,,,,,,,,,,,,,,,,,,,,,,,,,,,,,,
72,C-20,Kontainer Gas Supply  ,Powder,10 Mei 2028,3,,,,,,,,,,,,,,,,,,,,,,,,,,,,,,,
73,C-21,Depan R.Colling Unit 3 Fact.1,Powder,03 Oktober 2028,9,,,,,,,,,,,,,,,,,,,,,,,,,,,,,,,
74,C-22,Ruang Boiler Unit 3 Factory 1,Powder,26 Februari 2031,9,,,,,,,,,,,,,,,,,,,,,,,,,,,,,,,
,,,,,,,,,,,,,,,,,,,,,,,,,,,,,,,,,,,,
,,Departemen HRD & GA,,,,,,,,,,,,,,,,,,,,,,,,,,,,,,,,,,
,,HRD & GA Departement,,,,,,,,,,,,,,,,,,,,,,,,,,,,,,,,,,
LAPORAN PEMERIKSAAN APAR,,,,,,,,,,,,,,,,,,,,,,,,,,,,,,,,,,,,
Fire Extinguisher Inspection Report,,,,,,,,,,,,,,,,,,,,,,,,,,,,,,,,,,,,
,,,,,,,,,,,,,,,,,,,,,,,,,,,,,,,,,,,,
PERIODE BULAN :,,,,,AREA : FACTORY 2 & WORKSHOP,,,,,,,,,,,,,,,,,,,,,,,,,,,,,,,
No. Urut,No. Lokasi,Nama Lokasi / Area,Jenis,Habis ,Kap,Kondisi,,,,,Tgl,Keterangan,,,Inisial,,,,,,,,,,,,,,,,,,,,,
,,,,Masa Berlaku,(Kg),Tbg,Slg,Nozz,Sgl,Lev,Kontrol,,,,,,,,,,,,,,,,,,,,,,,,,
1,D-01,Gas Station Fact.2,Powder,06 April 2028,3,,,,,,,,,,,,,,,,,,,,,,,,,,,,,,,
2,D-02,Product Palletizing (Fact.2-1),CO₂,10 Januari  2029,3,,,,,,,,,,,,,,,,,,,,,,,,,,,,,,,
3,D-03,Packaging Material,CO₂,06 April 2028,3,,,,,,,,,,,,,,,,,,,,,,,,,,,,,,,
4,D-04,IP Fact.2 ( Unit 1-1),CO₂,11 Maret 2030,3,,,,,,,,,,,,,,,,,,,,,,,,,,,,,,,
5,D-05,IP Fact.2 ( Unit 1-2),CO₂,11 Maret 2030,3,,,,,,,,,,,,,,,,,,,,,,,,,,,,,,,
6,D-06,Ruang Steril Fact.2 ( Unit 1-1 ),CO₂,11 Maret 2030,3,,,,,,,,,,,,,,,,,,,,,,,,,,,,,,,
7,D-07,Ruang Steril Fact.2 ( Unit 1-2 ),CO₂,11 Maret 2030,3,,,,,,,,,,,,,,,,,,,,,,,,,,,,,,,
8,D-08,Ruang Steril Fact.2 ( Unit 1-3 ),CO₂,11 Maret 2030,3,,,,,,,,,,,,,,,,,,,,,,,,,,,,,,,
9,D-09,PAL BP Fact.2 ( Unit 1 ),CO₂,26 Februari 2031,3,,,,,,,,,,,,,,,,,,,,,,,,,,,,,,,
10,D-10,Black Area BP Fact.2  ( Unit 1 ),CO₂,11 Maret 2030,3,,,,,,,,,,,,,,,,,,,,,,,,,,,,,,,
11,D-11,R.PAL Preparation Fact.2  ( Unit 1 ),CO₂,11 Maret 2030,3,,,,,,,,,,,,,,,,,,,,,,,,,,,,,,,
12,D-12,Preparation Fact.2 Lantai 1 ( Unit 1-1 ),CO₂,11 Maret 2030,3,,,,,,,,,,,,,,,,,,,,,,,,,,,,,,,
13,D-13,Preparation Fact.2 Lantai 2 ( Unit 1-2 ),CO₂,11 Maret 2030,3,,,,,,,,,,,,,,,,,,,,,,,,,,,,,,,
14,D-14,Koridor Depan R.Preparation Fact.2,CO₂,11 Maret 2030,3,,,,,,,,,,,,,,,,,,,,,,,,,,,,,,,
15,D-15,Koridor Depan Pintu Black Area Fact.2,CO₂,11 Maret 2030,3,,,,,,,,,,,,,,,,,,,,,,,,,,,,,,,
16,D-16,Koridor Depan Pintu R.Bottle Pack Fact.2,CO₂,11 Maret 2030,3,,,,,,,,,,,,,,,,,,,,,,,,,,,,,,,
17,D-17,Koridor Depan Pintu Autoclave Fact.2,CO₂,11 Maret 2030,3,,,,,,,,,,,,,,,,,,,,,,,,,,,,,,,
18,D-18,Koridor Depan Pintu Steril Fact.2,CO₂,11 Maret 2030,3,,,,,,,,,,,,,,,,,,,,,,,,,,,,,,,
19,D-19,Koridor Depan IP Fact.2,CO₂,11 Maret 2030,3,,,,,,,,,,,,,,,,,,,,,,,,,,,,,,,
20,D-20,Product Palletizing (Fact.2-2),Powder,06 April 2028,3,,,,,,,,,,,,,,,,,,,,,,,,,,,,,,,
21,D-21,Airlock IP. Fact 2 ( Unit 2 ),CO₂,11 Maret 2030,3,,,,,,,,,,,,,,,,,,,,,,,,,,,,,,,
22,D-22,IP Fact. 2 ( Unit 2-1 ),CO₂,26 Februari 2031,3,,,,,,,,,,,,,,,,,,,,,,,,,,,,,,,
23,D-23,IP Fact. 2 ( Unit 2-2 ),CO₂,26 Februari 2031,3,,,,,,,,,,,,,,,,,,,,,,,,,,,,,,,
24,D-24,IP Fact. 2 ( Unit 2-3 ),CO₂,26 Februari 2031,3,,,,,,,,,,,,,,,,,,,,,,,,,,,,,,,
25,D-25,IP Fact. 2 ( Unit 2-4 ),CO₂,26 Februari 2031,3,,,,,,,,,,,,,,,,,,,,,,,,,,,,,,,
26,D-26,Ruang Steril Fact.2 ( Unit 2-1 ),CO₂,19 Agustus 2030,3,,,,,,,,,,,,,,,,,,,,,,,,,,,,,,,
27,D-27,Ruang Steril Fact.2 ( Unit 2-2 ),CO₂,19 Agustus 2030,3,,,,,,,,,,,,,,,,,,,,,,,,,,,,,,,
28,D-28,Ruang Steril Fact.2 ( Unit 2-3 ),CO₂,19 Agustus 2030,3,,,,,,,,,,,,,,,,,,,,,,,,,,,,,,,
29,D-29,Ruang Steril Fact.2 ( Unit 2-4 ),CO₂,26 Februari 2031,3,,,,,,,,,,,,,,,,,,,,,,,,,,,,,,,
30,D-30,BP Fact.2 ( Unit 2 ),CO₂,26 Februari 2031,3,,,,,,,,,,,,,,,,,,,,,,,,,,,,,,,
31,D-31,Black Area BP Fact. 2 ( Unit 2 ),CO₂,26 Februari 2031,3,,,,,,,,,,,,,,,,,,,,,,,,,,,,,,,
32,D-32,Koridor Depan Black Area BP Fact. 2,CO₂,19 Agustus 2030,3,,,,,,,,,,,,,,,,,,,,,,,,,,,,,,,
33,D-33,Preparation Fact.2 Lantai 2( Unit 2-1 ),CO₂,25 Maret 2030,3,,,,,,,,,,,,,,,,,,,,,,,,,,,,,,,
34,D-34,Preparation Fact.2 Lantai 1 ( Unit 2-2 ),CO₂,26 Februari 2031,3,,,,,,,,,,,,,,,,,,,,,,,,,,,,,,,
35,D-35,Preparation Fact.2 Lantai 1 ( Unit 2-3 ),CO₂,26 Februari 2031,3,,,,,,,,,,,,,,,,,,,,,,,,,,,,,,,
36,D-36,Material Entrance Fact.2,Powder,06 April 2028,3,,,,,,,,,,,,,,,,,,,,,,,,,,,,,,,
37,D-37,Ruang WT Fact.2,CO₂,25 Maret 2030,6,,,,,,,,,,,,,,,,,,,,,,,,,,,,,,,
38,D-38,City Water Room Fact.2,Powder,11 Maret 2030,25,,,,,,,,,,,,,,,,,,,,,,,,,,,,,,,
39,D-39,Ruang MIS Fact.2,Gas Kering,17 September 2029,3,,,,,,,,,,,,,,,,,,,,,,,,,,,,,,,
40,D-40,Pintu Masuk Koridor Tamu 1 ( Fact 2 ),CO₂,25 Maret 2030,3,,,,,,,,,,,,,,,,,,,,,,,,,,,,,,,
41,D-41,Pintu Masuk Loker Fact.2,CO₂,25 Maret 2030,3,,,,,,,,,,,,,,,,,,,,,,,,,,,,,,,
42,D-42,Koridor Depan Lab.QC ( Fact.2-1 ),CO₂,25 Maret 2030,3,,,,,,,,,,,,,,,,,,,,,,,,,,,,,,,
43,D-43,Koridor Depan Lab.QC ( Fact.2-2 ),CO₂,25 Maret 2030,3,,,,,,,,,,,,,,,,,,,,,,,,,,,,,,,
44,D-44,Lab.QC Fact.2-1,CO₂,25 Maret 2030,3,,,,,,,,,,,,,,,,,,,,,,,,,,,,,,,
45,D-45,Lab.QC Fact.2-2,CO₂,25 Maret 2030,3,,,,,,,,,,,,,,,,,,,,,,,,,,,,,,,
46,D-46,Lab.QC Fact.2-3,CO₂,25 Maret 2030,3,,,,,,,,,,,,,,,,,,,,,,,,,,,,,,,
47,D-47,Lab.QC Fact.2-4,CO₂,25 Maret 2030,3,,,,,,,,,,,,,,,,,,,,,,,,,,,,,,,
48,D-48,Office Produksi Fact.2,CO₂,11 Maret 2030,3,,,,,,,,,,,,,,,,,,,,,,,,,,,,,,,
49,D-49,Laundry Normal Clothes Fact.2,CO₂,11 Maret 2030,3,,,,,,,,,,,,,,,,,,,,,,,,,,,,,,,
50,D-50,Depan R.Laundry Fact.2,CO₂,11 Maret 2030,3,,,,,,,,,,,,,,,,,,,,,,,,,,,,,,,
51,D-51,Dpn.Pintu Emergency Koridor Tamu,CO₂,25 Maret 2030,3,,,,,,,,,,,,,,,,,,,,,,,,,,,,,,,
52,D-52,Koridor Tamu Fact.2,CO₂,25 Maret 2030,3,,,,,,,,,,,,,,,,,,,,,,,,,,,,,,,
53,D-53,Koridor Tamu Fact.2,CO₂,25 Maret 2030,3,,,,,,,,,,,,,,,,,,,,,,,,,,,,,,,
54,D-54,Koridor Tamu Fact.2,CO₂,25 Maret 2030,3,,,,,,,,,,,,,,,,,,,,,,,,,,,,,,,
55,D-55,Koridor Tamu Fact.2,CO₂,25 Maret 2030,3,,,,,,,,,,,,,,,,,,,,,,,,,,,,,,,
56,D-56,Koridor Tamu Fact.2,CO₂,25 Maret 2030,3,,,,,,,,,,,,,,,,,,,,,,,,,,,,,,,
57,D-58,Confirmation Room Ruang Weighing,CO₂,25 Maret 2030,3,,,,,,,,,,,,,,,,,,,,,,,,,,,,,,,
58,D-59,Weighing ( Fact 2- 1 ),CO₂,11 Maret 2030,3,,,,,,,,,,,,,,,,,,,,,,,,,,,,,,,
59,D-60,Weighing ( Fact 2- 2 ),CO₂,25 Maret 2030,3,,,,,,,,,,,,,,,,,,,,,,,,,,,,,,,
60,D-61,PAL Weighing Lantai 2 Fact.2 ( Loker ),CO₂,11 Maret 2030,3,,,,,,,,,,,,,,,,,,,,,,,,,,,,,,,
61,D-62,Ruang UPS Lantai 2 Fact.2 Unit 2,CO₂,25 Maret 2030,3,,,,,,,,,,,,,,,,,,,,,,,,,,,,,,,
62,D-63,Ruang Material Storage Lantai 2 Fact.2,CO₂,25 Maret 2030,3,,,,,,,,,,,,,,,,,,,,,,,,,,,,,,,
63,D-64,Air Lock Material Storage Lantai 2 Fact.2,CO₂,11 Maret 2030,3,,,,,,,,,,,,,,,,,,,,,,,,,,,,,,,
64,D-65,Ruang Transit Material Lantai 2 Fact.2,CO₂,11 Maret 2030,3,,,,,,,,,,,,,,,,,,,,,,,,,,,,,,,
65,D-66,Mezanine-1 Fact.2,CO₂,06 April 2028,3,,,,,,,,,,,,,,,,,,,,,,,,,,,,,,,
66,D-67,Mezanine-2 Fact.2,CO₂,26 Februari 2031,3,,,,,,,,,,,,,,,,,,,,,,,,,,,,,,,
67,D-68,Mezanine-3 Fact.2,CO₂,25 Maret 2030,3,,,,,,,,,,,,,,,,,,,,,,,,,,,,,,,
68,D-69,Mezanine-4 Fact.2,CO₂,25 Maret 2030,3,,,,,,,,,,,,,,,,,,,,,,,,,,,,,,,
69,D-70,Mezanine-5 Fact.2,CO₂,25 Maret 2030,3,,,,,,,,,,,,,,,,,,,,,,,,,,,,,,,
70,D-71,Mezanine-6 Fact.2,CO₂,26 Februari 2031,3,,,,,,,,,,,,,,,,,,,,,,,,,,,,,,,
71,D-72,Mezanine-7 Fact.2,Powder,06 April 2028,3,,,,,,,,,,,,,,,,,,,,,,,,,,,,,,,
72,D-73,Mezanine-8 Fact.2,Powder,06 April 2028,3,,,,,,,,,,,,,,,,,,,,,,,,,,,,,,,
73,D-74,Material Transit Hopper Fact 2,Powder,29 Juli 2028,3,,,,,,,,,,,,,,,,,,,,,,,,,,,,,,,
74,D-75,Ruang Hopper Fact 2,CO₂,11 Maret 2030,3,,,,,,,,,,,,,,,,,,,,,,,,,,,,,,,
75,E-01,Engineering Office Lantai 2 Fact.2,CO₂,11 Maret 2030,3,,,,,,,,,,,,,,,,,,,,,,,,,,,,,,,
76,E-02,Ruang Compressor Fact.2,CO₂,11 Maret 2030,6,,,,,,,,,,,,,,,,,,,,,,,,,,,,,,,
77,E-03,Ruang Panel Fact.2,CO₂,11 Maret 2030,25,,,,,,,,,,,,,,,,,,,,,,,,,,,,,,,
78,E-04,Ruang Boiler Fact.2,CO₂,11 Maret 2030,25,,,,,,,,,,,,,,,,,,,,,,,,,,,,,,,
79,E-05,Ruang RO Fact.2,CO₂,25 Maret 2030,3,,,,,,,,,,,,,,,,,,,,,,,,,,,,,,,
80,E-06,Ruang Cooling Fact.2,CO₂,25 Maret 2030,6,,,,,,,,,,,,,,,,,,,,,,,,,,,,,,,
81,E-07,Gardu Induk Listrik,CO₂,25 Maret 2029,25,,,,,,,,,,,,,,,,,,,,,,,,,,,,,,,
82,E-08,Ruang Genset Fact.2,CO₂,17 September 2029,6,,,,,,,,,,,,,,,,,,,,,,,,,,,,,,,
,,,,,,,,,,,,,,,,,,,,,,,,,,,,,,,,,,,,
,,Departemen HRD & GA,,,,,,,,,,,,,,,,,,,,,,,,,,,,,,,,,,
,,HRD & GA Departement,,,,,,,,,,,,,,,,,,,,,,,,,,,,,,,,,,
LAPORAN PEMERIKSAAN PEMADAM API RINGAN,,,,,,,,,,,,,,,,,,,,,,,,,,,,,,,,,,,,
Fire Extinguisher Inspection Report,,,,,,,,,,,,,,,,,,,,,,,,,,,,,,,,,,,,
,,,,,,,,,,,,,,,,,,,,,,,,,,,,,,,,,,,,
PERIODE BULAN :,,,,,AREA : WARE HOUSE,,,,,,,,,,,,,,,,,,,,,,,,,,,,,,,
No. Urut,No. Lokasi,Nama Lokasi / Area,Jenis,Habis ,Kap,Kondisi,,,,,Tgl,Keterangan,,,Inisial,,,,,,,,,,,,,,,,,,,,,
,,,,Masa Berlaku,(Kg),Tbg,Slg,Nozz,Sgl,Lev,Kontrol,,,,,,,,,,,,,,,,,,,,,,,,,
1,F-01,Gudang 1-1 ( Pintu selatan ),CO2,06 April 2028,3,,,,,,,,,,,,,,,,,,,,,,,,,,,,,,,
2,F-02,Gudang 1-2 ( Cartoning IP ),Powder,06 April 2028,3,,,,,,,,,,,,,,,,,,,,,,,,,,,,,,,
3,F-03,Gudang 1-3 ( Pintu utara ),Powder,06 April 2028,3,,,,,,,,,,,,,,,,,,,,,,,,,,,,,,,
4,F-04,Gudang 2 Transit Warehouse Plant 3,Powder,03 Oktober 2028,6,,,,,,,,,,,,,,,,,,,,,,,,,,,,,,,
5,F-05,Gudang 2 Nacl,CO₂,06 April 2028,3,,,,,,,,,,,,,,,,,,,,,,,,,,,,,,,
6,F-06,Gudang 2 R.Box Sealer IP Plant 3,Powder,23 April 2029,6,,,,,,,,,,,,,,,,,,,,,,,,,,,,,,,
7,F-07,Gudang 2 Label And Leaflet Storage,Powder,06 April 2028,4,,,,,,,,,,,,,,,,,,,,,,,,,,,,,,,
8,F-08,Gudang 3-1 ( Pintu Barat ),Powder,19 Agustus 2030,20,,,,,,,,,,,,,,,,,,,,,,,,,,,,,,,
9,F-09,Gudang 3-2 ( Dinding timur ),Powder,29 Juli 2028,3,,,,,,,,,,,,,,,,,,,,,,,,,,,,,,,
10,F-10,Gudang 3-3 ( Dinding timur ),Powder,25 Maret 2029,5,,,,,,,,,,,,,,,,,,,,,,,,,,,,,,,
11,F-11,Gudang 4-1 (Selatan ),CO₂,29 Juli 2028,25,,,,,,,,,,,,,,,,,,,,,,,,,,,,,,,
12,F-12,Gudang 4-2 ( Utara ),CO₂,19 Agustus 2030,3,,,,,,,,,,,,,,,,,,,,,,,,,,,,,,,
13,F-13,Gudang 5 ( Pintu Selatan ),CO₂,26 Februari 2031,25,,,,,,,,,,,,,,,,,,,,,,,,,,,,,,,
14,F-14,Gudang 5 ( Pintu Utara ),CO₂,26 Februari 2031,25,,,,,,,,,,,,,,,,,,,,,,,,,,,,,,,
15,F-15,Gudang 6-1,CO₂,17 September 2029,5,,,,,,,,,,,,,,,,,,,,,,,,,,,,,,,
16,F-16,Gudang 6-2,CO₂,25 Maret 2030,25,,,,,,,,,,,,,,,,,,,,,,,,,,,,,,,
17,F-17,Gudang 6-3,CO₂,25 Maret 2030,25,,,,,,,,,,,,,,,,,,,,,,,,,,,,,,,
18,F-18,Gudang 6-4,CO₂,25 Maret 2030,25,,,,,,,,,,,,,,,,,,,,,,,,,,,,,,,
19,F-19,Gudang 6-5,CO₂,26 Februari 2031,3,,,,,,,,,,,,,,,,,,,,,,,,,,,,,,,
20,F-20,Gudang 7-1,Powder,06 April 2028,3,,,,,,,,,,,,,,,,,,,,,,,,,,,,,,,
21,F-21,Gudang 7-2,CO2,06 April 2028,3,,,,,,,,,,,,,,,,,,,,,,,,,,,,,,,
22,F-22,Gudang 7-3,Powder,06 April 2028,3,,,,,,,,,,,,,,,,,,,,,,,,,,,,,,,
23,F-23,Gudang 7-4,CO2,06 Mei 2028,3,,,,,,,,,,,,,,,,,,,,,,,,,,,,,,,
24,F-24,Gudang 7-5,Powder,06 April 2028,3,,,,,,,,,,,,,,,,,,,,,,,,,,,,,,,
25,F-25,Gudang 7-6,Powder,06 April 2028,3,,,,,,,,,,,,,,,,,,,,,,,,,,,,,,,
26,F-26,Kantor Gudang 7-1,Powder,06 April 2028,3,,,,,,,,,,,,,,,,,,,,,,,,,,,,,,,
27,F-27,Kantor Gudang 7-2,CO2,06 April 2028,3,,,,,,,,,,,,,,,,,,,,,,,,,,,,,,,
28,F-28,Forklift Station,Powder,17 September 2029,6,,,,,,,,,,,,,,,,,,,,,,,,,,,,,,,
29,F-29,Ruang Lable,CO2,25 Maret 2030,3,,,,,,,,,,,,,,,,,,,,,,,,,,,,,,,
30,F-30,Loker SC,Powder,06 April 2028,4,,,,,,,,,,,,,,,,,,,,,,,,,,,,,,,
31,F-31,Depan Tangki Solar Fact.2 ,Powder,26 Februari 2031,6,,,,,,,,,,,,,,,,,,,,,,,,,,,,,,,
32,F-32,Forklift 1 ( Battery ),Powder,06 April 2028,1,,,,,,,,,,,,,,,,,,,,,,,,,,,,,,,
33,F-33,Forklift 2 ( Diesel ),Powder,06 April 2028,1,,,,,,,,,,,,,,,,,,,,,,,,,,,,,,,
34,F-34,Forklift 3 ( Diesel ),Powder,06 April 2028,1,,,,,,,,,,,,,,,,,,,,,,,,,,,,,,,
35,F-35,Forklift 5 ( Diesel ),Powder,06 April 2028,1,,,,,,,,,,,,,,,,,,,,,,,,,,,,,,,
36,F-36,Forklift 6 ( Battery ),Powder,06 April 2028,1,,,,,,,,,,,,,,,,,,,,,,,,,,,,,,,
37,F-37,Forklift 7 ( Battery ),Powder,06 April 2028,1,,,,,,,,,,,,,,,,,,,,,,,,,,,,,,,
38,F-38,Forklift 8 ( Battery ),Powder,06 April 2028,1,,,,,,,,,,,,,,,,,,,,,,,,,,,,,,,
39,F-39,Forklift 9 ( Diesel ),Powder,06 April 2028,1,,,,,,,,,,,,,,,,,,,,,,,,,,,,,,,
40,F-40,Forklift 10 ( Diesel ),Powder,06 April 2028,1,,,,,,,,,,,,,,,,,,,,,,,,,,,,,,,
41,F-41,Forklift 11 ( Diesel ),Powder,03 Okt 2028,1,,,,,,,,,,,,,,,,,,,,,,,,,,,,,,,
42,F-42,Forklift 12 ( Battery ),Powder,06 April 2028,1,,,,,,,,,,,,,,,,,,,,,,,,,,,,,,,
43,F-43,Gudang Afval 1,CO2,19 Agustus 2030,3,,,,,,,,,,,,,,,,,,,,,,,,,,,,,,,
44,F-44,Gudang Afval 2,CO2,06 April 2028,3,,,,,,,,,,,,,,,,,,,,,,,,,,,,,,,
45,F-45,Gudang Afval 3,Powder,17 September 2029,6,,,,,,,,,,,,,,,,,,,,,,,,,,,,,,,
46,F-46,Gudang Afval 4,Powder,17 September 2029,6,,,,,,,,,,,,,,,,,,,,,,,,,,,,,,,
47,F-47,Tempat Penyimpanan Pallet,Powder,06 April 2028,5,,,,,,,,,,,,,,,,,,,,,,,,,,,,,,,
48,F-48,QC Warehouse,CO2,26 Februari 2031,3,,,,,,,,,,,,,,,,,,,,,,,,,,,,,,,
49,F-49,Gazebo Crusher,Powder,06 April 2028,3,,,,,,,,,,,,,,,,,,,,,,,,,,,,,,,
50,F-50,Depan Gudang Embalage,Powder,06 April 2028,5,,,,,,,,,,,,,,,,,,,,,,,,,,,,,,,
51,F-51,Ruang Retained Sampel QC-1,CO₂,17 September 2029,5,,,,,,,,,,,,,,,,,,,,,,,,,,,,,,,
52,F-52,Ruang Retained Sampel QC-2,CO₂,17 September 2029,5,,,,,,,,,,,,,,,,,,,,,,,,,,,,,,,
53,F-53,Ruang Retained Sampel QC-3,CO₂,17 September 2029,5,,,,,,,,,,,,,,,,,,,,,,,,,,,,,,,
54,F-54,Ruang Retained Sampel QC-4,CO₂,17 September 2029,5,,,,,,,,,,,,,,,,,,,,,,,,,,,,,,,
55,F-55,Ruang Retained Sampel QC-5,CO₂,17 September 2029,5,,,,,,,,,,,,,,,,,,,,,,,,,,,,,,,
56,F-56,Ruang Retained Sampel QC-6,CO₂,17 September 2029,5,,,,,,,,,,,,,,,,,,,,,,,,,,,,,,,
57,F-57,Ruang Retained Sampel QC-7,CO₂,17 September 2029,5,,,,,,,,,,,,,,,,,,,,,,,,,,,,,,,
,,,,,,,,,,,,,Halaman 1 dari 13,,,,,,,,,,,,,,,,,,,,,,,
,,,,,,,,,,,,,,,,,,,,,,,,,,,,,,,,,,,,
,,Departemen HRD & GA,,,,,,,,,,,,,,,,,,,,,,,,,,,,,,,,,,
,,HRD & GA Departement,,,,,,,,,,,,,,,,,,,,,,,,,,,,,,,,,,
LAPORAN PEMERIKSAAN PEMADAM API RINGAN,,,,,,,,,,,,,,,,,,,,,,,,,,,,,,,,,,,,
Fire Extinguisher Inspection Report,,,,,,,,,,,,,,,,,,,,,,,,,,,,,,,,,,,,
,,,,,,,,,,,,,,,,,,,,,,,,,,,,,,,,,,,,
,,,,,,,,,,,,,,,,,,,,,,,,,,,,,,,,,,,,
,  Catatan :,,,,,,,,,,,,,,,,,,,,,,,,,,,,,,,,,,,
,,,,,,
PT. WIDATRA BHAKTI,,,,,,
DEPARTEMEN HRD & GA,,,,,,
SEKSI HEALTH & SAFETY,,,,,,
,,,,,,
DAFTAR ISI ULANG APAR ,,,,,,
,,,,,,
No. Urut,No. Lokasi,Nama Lokasi / Area,Jenis,Habis ,Kap,Keterangan
,,,,Masa Berlaku,(Kg),
1,A-01,Parkir Sepeda Motor 1,Powder,01 Februari 2026,9,Powder 9 Kg = 3 pcs
2,S-06,Spare - 06,CO₂,01 Februari 2026,3,Powder 6 Kg = 1 pc
3,B-01,Transit material Unit 1 ( pintu Luar ),CO₂,01 Februari 2026,3,CO2 25 Kg = 2 pcs
4,B-02,Transit material Unit 1 ( pintu dalam ),CO₂,01 Februari 2026,3,CO2 3 Kg = 21 pcs
5,B-41,R. QC Office  ( Fact.1 ),CO₂,01 Februari 2026,3,
6,C-08,Engineering Office 1-1 Fact.1,CO₂,01 Februari 2026,3,
7,C-09,Engineering Office 1-2 Fact.2,CO₂,01 Februari 2026,3,
8,C-10,Engineering Office 1-3 Fact.3,CO₂,01 Februari 2026,3,
9,C-12,Depan R.PUTR 1 ( Fact.1 ),Powder,01 Februari 2026,9,
10,C-22,Ruang Boiler Unit 3 Factory 1,Powder,Februari 2026,9,
11,D-09,PAL BP Fact.2 ( Unit 1 ),CO₂,01 Februari 2026,3,
12,D-22,IP Fact. 2 ( Unit 2-1 ),CO₂,01 Februari 2026,3,
13,D-23,IP Fact. 2 ( Unit 2-2 ),CO₂,01 Februari 2026,3,
14,D-24,IP Fact. 2 ( Unit 2-3 ),CO₂,01 Februari 2026,3,
15,D-25,IP Fact. 2 ( Unit 2-4 ),CO₂,01 Februari 2026,3,
16,D-29,Ruang Steril Fact.2 ( Unit 2-4 ),CO₂,01 Februari 2026,3,
17,D-30,BP Fact.2 ( Unit 2 ),CO₂,01 Februari 2026,3,
18,D-31,Black Area BP Fact. 2 ( Unit 2 ),CO₂,01 Februari 2026,3,
19,D-34,Preparation Fact.2 Lantai 1 ( Unit 2-2 ),CO₂,01 Februari 2026,3,
20,D-35,Preparation Fact.2 Lantai 1 ( Unit 2-3 ),CO₂,01 Februari 2026,3,
21,D-67,Mezanine-2 Fact.2,CO₂,01 Februari 2026,3,
22,D-71,Mezanine-6 Fact.2,CO₂,01 Februari 2026,3,
23,F-13,Gudang 5 ( Pintu Selatan ),CO₂,01 Februari 2026,25,
24,F-14,Gudang 5 ( Pintu Utara ),CO₂,01 Februari 2026,25,
25,F-19,Gudang 6-5,CO₂,01 Februari 2026,3,
26,F-31,Depan Tangki Solar Fact.2 ,Powder,01 Februari 2026,6,
27,F-48,QC Warehouse,CO2,01 Februari 2026,3,
